exp,rlr_agents,drowsy_agents,d_num_rnds,d_com_cost,d_inf_time,r_num_rnds,r_com_cost,r_inf_time,r_n_dets
2-3,3,2,0.410828025477707,5.270797910828025,0.020182597029740644,426.5,3340.169236,2.815938353538513,1.0
1-2,2,1,0.410828025477707,5.270797910828025,0.018099083262643995,426.5,3340.169236,2.7368072271347046,1.0
8-7,7,8,0.410828025477707,5.270797910828025,0.05316006378003746,426.5,3340.1692360000006,3.461161434650421,1.0
3-2,2,3,0.410828025477707,5.270797910828025,0.02591228282628798,426.5,3340.169236,2.6862617135047913,1.0
